{"appVersion":{"synced":true,"value":"1.110.1","valueType":"STRING"},"buildVersion":{"synced":true,"value":"13048","valueType":"LONG"},"libraryVersion":{"synced":true,"value":"1.1.1","valueType":"STRING"},"osVersion":{"synced":true,"value":"33","valueType":"LONG"},"token":{"synced":true,"value":"czL9hEu2RiyoJoAVC46u-D:APA91bFb4rGa1XPw2SSOUMCiq9Dea1TtVua5sDYP3AxfYKGum098_OriUokpCtzqeaxkvGP1NC3xnMUe_UhHPkmHPDnYXQhfcetD1W6dTvfck21Wp7v8r9w","valueType":"STRING"},"uid":{"synced":true,"value":"-_89IH2c5x9qM7BdI0","valueType":"STRING"}}