{"configs_key":{"sso_login_config":"{\"timer_duration\": \"20000\", \"already_logged_in_sub_head\":\"Free Subscription Available\"}","personal_interest_skip_experiment":"94103","cast_more_marker_rail_response":"{\"railList\":[{\"id\":\"local_fallback_people_rail_id\",\"contents\":[{\"source\":\"BE\",\"packageId\":\"\",\"details\":{\"content\":[]},\"railContentSourceService\":\"XSTREAM_CONTENT_SERVICE\"}],\"name\":\"People Rail\",\"format\":{\"showAll\":false,\"role\":\"CAST\",\"artwork\":{},\"ty\":\"PEOPLE_RAIL\",\"contentAction\":{\"isExternalWebLink\":false},\"t\":\"Cast\",\"title\":{}},\"zionDisplay\":{\"role\":\"CAST\",\"railContentSourceService\":\"XSTREAM_CONTENT_SERVICE\",\"title\":\"Cast\"},\"showCatalogTag\":false,\"renderReason\":\"local_fallback_people_rail_render\"},{\"id\":\"local_fallback_content_desc_release_rail_id\",\"contents\":[{\"source\":\"BE\",\"packageId\":\"\",\"details\":{\"content\":[]},\"railContentSourceService\":\"XSTREAM_CONTENT_SERVICE\"}],\"name\":\"Content Release Date\",\"format\":{\"showAll\":false,\"infoType\":\"RELEASE_DATE\",\"artwork\":{},\"ty\":\"CONTENT_DESCRIPTION_DETAIL_RAIL\",\"contentAction\":{\"isExternalWebLink\":false},\"t\":\"Release Year\",\"title\":{}},\"zionDisplay\":{\"infoType\":\"RELEASE_DATE\",\"railContentSourceService\":\"XSTREAM_CONTENT_SERVICE\",\"title\":\"Release Year\"},\"showCatalogTag\":false,\"renderReason\":\"local_fallback_content_desc_release_rail_render\"},{\"id\":\"local_fallback_content_desc_seasons_rail_id\",\"contents\":[{\"source\":\"BE\",\"packageId\":\"\",\"details\":{\"content\":[]},\"railContentSourceService\":\"XSTREAM_CONTENT_SERVICE\"}],\"name\":\"SeasonsInfo\",\"format\":{\"showAll\":false,\"infoType\":\"SEASONS\",\"artwork\":{},\"ty\":\"CONTENT_DESCRIPTION_DETAIL_RAIL\",\"contentAction\":{\"isExternalWebLink\":false},\"t\":\"Seasons Info\",\"title\":{}},\"zionDisplay\":{\"infoType\":\"SEASONS\",\"railContentSourceService\":\"XSTREAM_CONTENT_SERVICE\",\"title\":\"Seasons Info\"},\"showCatalogTag\":false,\"renderReason\":\"local_fallback_content_desc_seasons_rail_render\"},{\"id\":\"local_fallback_content_desc_genre_rail_id\",\"contents\":[{\"source\":\"BE\",\"packageId\":\"\",\"details\":{\"content\":[]},\"railContentSourceService\":\"XSTREAM_CONTENT_SERVICE\"}],\"name\":\"Genre\",\"format\":{\"showAll\":false,\"infoType\":\"GENRE\",\"artwork\":{},\"ty\":\"CONTENT_DESCRIPTION_DETAIL_RAIL\",\"contentAction\":{\"isExternalWebLink\":false},\"t\":\"Genre\",\"title\":{}},\"zionDisplay\":{\"infoType\":\"GENRE\",\"railContentSourceService\":\"XSTREAM_CONTENT_SERVICE\",\"title\":\"Genre\"},\"showCatalogTag\":false,\"renderReason\":\"local_fallback_content_desc_genre_rail_render\"},{\"id\":\"local_fallback_content_desc_audioSubtitle_rail_id\",\"contents\":[{\"source\":\"BE\",\"packageId\":\"\",\"details\":{\"content\":[]},\"railContentSourceService\":\"XSTREAM_CONTENT_SERVICE\"}],\"name\":\"Audio And Subtitles\",\"format\":{\"showAll\":false,\"infoType\":\"AUDIO_SUBTITLES\",\"artwork\":{},\"ty\":\"CONTENT_DESCRIPTION_DETAIL_RAIL\",\"contentAction\":{\"isExternalWebLink\":false},\"t\":\"Audio And Subtitles\",\"title\":{}},\"zionDisplay\":{\"infoType\":\"AUDIO_SUBTITLES\",\"railContentSourceService\":\"XSTREAM_CONTENT_SERVICE\",\"title\":\"Audio And Subtitles\"},\"showCatalogTag\":false,\"renderReason\":\"local_fallback_content_desc_audioSubtitle_rail_render\"},{\"id\":\"local_fallback_content_desc_rail_id\",\"contents\":[{\"source\":\"BE\",\"packageId\":\"\",\"details\":{\"content\":[]},\"railContentSourceService\":\"XSTREAM_CONTENT_SERVICE\"}],\"name\":\"Description\",\"format\":{\"showAll\":false,\"infoType\":\"DESCRIPTION\",\"artwork\":{},\"ty\":\"CONTENT_DESCRIPTION_DETAIL_RAIL\",\"contentAction\":{\"isExternalWebLink\":false},\"t\":\"Description\",\"title\":{}},\"zionDisplay\":{\"infoType\":\"DESCRIPTION\",\"railContentSourceService\":\"XSTREAM_CONTENT_SERVICE\",\"title\":\"Description\"},\"showCatalogTag\":false,\"renderReason\":\"local_fallback_content_desc_rail_render\"}],\"total\":6,\"totalRails\":6,\"nextPage\":false}","default_quality_config":"[{\"connection_id\":\"2g\",\"preferred_quality\":\"dataSaver\"},{\"connection_id\":\"3g\",\"preferred_quality\":\"dataSaver\"},{\"connection_id\":\"4g\",\"preferred_quality\":\"dataSaver\"},{\"connection_id\":\"wifi\",\"preferred_quality\":\"HD\"}]","shouldTrackPlotlineEvent":"true","language_preference_title_msg":"Welcome to Airtel Xstream Play","vsflow_usertype":"1","distro_partner_name":"airtel","editorji_detail_subtitle_for_preference":"Allow us to customize the experience for you","i_frame_filter_list":"[\"i-Frame\",\"keyframes\"]","shouldRetry":"false","about_us":"{\"en_US\":\"About Us\"}","share_via":"{\"en_US\":\"Share via\"}","live_channels_sorted_namespace":"5","moengage_events":"[\"play_init\",\"play_start\", \"play_start_error\", \"play_pause\", \"error_playback\", \"play_session_end\"]","editorji_title":"editorji","freshchat_bot_queries":"[\"xstream chat\"]","st_flow_ab":"0","channel_onboarding_listing_coachmark_delay":"1000","account_and_devices":"{\"en_US\":\"Account & Devices\"}","channel_language_pref_popup_right_button_text_english":"Continue Watching","personal_interest_experiment":"117812","editorji_player_placeholder_url":"https:\/\/tvtbr.s3.amazonaws.com\/grandslam\/content\/2019_2_1\/img_editorji_finishing-2.png","about_us_options_list":"[{\"section_title\":\"{\\\"en_US\\\":\\\"Share App\\\"}\",\"actionId\":\"share_app\"},{\"section_title\":\"{\\\"en_US\\\":\\\"FAQ\\\"}\",\"actionId\":\"faq\"},{\"section_title\":\"{\\\"en_US\\\":\\\"App Tour\\\"}\",\"actionId\":\"app_tour\"},{\"section_title\":\"{\\\"en_US\\\": \\\"Terms of Use\\\"}\",\"actionId\":\"terms_of_use\"},{\"section_title\":\"{\\\"en_US\\\":\\\"Privacy Policy\\\"}\",\"actionId\":\"privacy_policy\"}]","sync_behavior_attributes":"false","content_descriptor_eligible_cp":"[\"MINITV\"]","tool_tip_title_add_to_watch_list":"Click here to add to watchlist","otp_message_to_user":"Use {OTP} as your login OTP. OTP is confidential","recharge_url":"https:\/\/www.airtel.in\/prepaid-recharge","LAZY_HUAWEI_LOGIN":"false","epgAdUnitNew":"{\"adUnitID\":\"\/417241724\/tv_native_masthead_epg_prod\",\"templateIDs\": [\"11768313\",\"11770616\"],\"showAds\":true}","tracking_pixel_url":"https:\/\/i.jsrdn.com\/i\/1.gif","epgAdUnit":"{\"adUnitID\":\"\/417241724\/tv_native_masthead_epg_prod\",\"templateIDs\": [\"11768313\",\"11770616\"],\"showAds\":true}","playerHeartBeatEnabled":"true","banner_ad_max_height":"250","defaultLang":"[\"en\",\"hi\"]","data_saver_resolution":"360","dialog_common_api_error":"{\"en_US\":\"Looks like one of our actors is throwing a tantrum. We have taken a note of the error. Please try again later.\"}","preferred_partner_selection_skip_enabled":"false","max_recent_count":"10","subscription_userconfig_refresh_message":"We are unable to update your subscriptions, please try again later.","enable_PartnerChannel_Feature":"true","partner_landscape_rail_artwork":"53:91","catchup_horizontal_layout":"false","watch_live":"Watch Live","dth_activation_popup_skip_days":"60","enable_bind_service":"false","editorji_card_type":"1","airtel_mobile_data_link_text_support":"now to get the best 4G Bundle Pack.","header_sta_hotstar":"Enjoy Star content with Airtel","bola_stable_time_ms":"12000","livetv_ingress_experimental_id":"99282","btn_sta_hotstar":"Switch to Airtel","netflix_dialog_subheading":"Enjoy 3 months gift of Netflix (worth Rs.1500)","languages":"[{\"key\":\"English\",\"value\":\"en\"},{\"key\":\"Hindi\",\"value\":\"hi\"},{\"key\":\"Tamil\",\"value\":\"ta\"},{\"key\":\"Malayalam\",\"value\":\"ml\"},{\"key\":\"Telugu\",\"value\":\"te\"},{\"key\":\"Marathi\",\"value\":\"mr\"},{\"key\":\"Bengali\",\"value\":\"bn\"},{\"key\":\"Kannada\",\"value\":\"kn\"},{\"key\":\"Punjabi\",\"value\":\"pun\"}]","dth_mp_count":"8","switch_to_airtel_mnp_redirect_url":"http:\/\/www.airtel.in\/mnp\/","snack_bar_dismiss_interval":"5","language_change_action_ok_button_hi":"Change to English","content_start_in_time":"86400","np_survey_long_time_day":"30","is_distro_deeplink_search_enable":"true","hotstar_live_channel_cp_id":"HOTSTARLIVETV","cp":"[\"RUNNTV\"]","watch_list_items_deletion_message":"Items removed from watchlist","netflix_dialog_cta_text":"Continue","playstore_start_url":"play.google.com\/store","min_buffer_time":"{\"HOOQ\":10000,\"else\":10000}","about_heading_xstream":"{\"en_US\":\"Airtel Xstream Play - Best of Movies, TV Shows, Trailers, Videos & more!\"}","promo_video_experiment_id":"55366","epg_ads_slot_id_list":"","shouldEnableCustomLoadController":"true","enable_account_and_devices":"false","desc_sta_hotstar":"Get access to Live Sports, Movies, TV Shows and 20+ Star channels on Airtel Xstream Play app available to Airtel Mobility users","channel_onboarding_check_it_out_popup_delay":"5000","about_desc_v2":"{\"en_US\":\"Unlimited Entertainment Hub with Bollywood, Regional & International content. Content available across genres so take your pick from the huge collection curated for you.\"}","language_change_action_title_hi":"भाषा को English में बदलें ? समाचार आपकी चुनी हुई भाषा में पुनः शुरू होगा |","language_preference_subtitle_msg":"Watch 350+ Live TV Channels, 10000+ Movies,100+ TV Shows, Originals and much more","show_ads_on_drm":"true","rsflow_usertype":"0","force_layout_refresh_rate_limiter_debounce":"300000","player_play_status_interval":"60","max_recently_watched_channels":"10","extra_play_status_event":"true","interstitial_ads_sdk_config":"{\n  \"interstitial_ad_enable\" : true,\n  \"day_first_ad_recurrence_value\": 3,\n  \"interstitial_recurrence\": 10,\n  \"day_first_ad_max_retry_count\": 3\n}","feedback_email_body":"I am facing an issue while using Airtel Xstream Play. Please find the details below.","mobile_data":"Turn on Airtel Mobile data","min_language_selection":"1","new_image_load_function":"false","switch_airtel_link_text_support":"if you are facing issues.","tracking_pixel_event_interval":"60","np_survey_short_time_day":"1","ads_request_timeout":"5000","dth_welcome_onboarding_popup_enabled":"true","ppc_direct_claim_success_message":"Your free access is valid till %s","bola_min_buffer_config":"{\"default\":{\"MINIMUM_BUFFER_S\":\"5.0\",\"MINIMUM_BUFFER_PER_BITRATE_LEVEL_S\":\"5.0\"}}","seek_offset_to_live_edge":"0","seamless_login_failed_message":"Authentication Failed, Please Try Again!!","text_onboarding_subscribed_channels_rail_sub_header":"These channels are free, exclusively for you","default_download_content_length":"3600","preRollAdUnit":"{        \"adUnitID\": \"\/417241724\/tv_preroll_video_prod\",        \"templateIDs\": [\"11768316\"],        \"showAds\" : false,        \"videoBeforeFirstAd\" : 3,        \"reoccurenceCount\" : 2,        \"hasMarker\" : false    }","max_language_selection":"4","dth_customer_care_number":"12150","airtel_mobile_data_description":"Airtel Xstream Play works best on Airtel 4G.\n\nGo to Network Settings page to change your active mobile data.","searchflow_usertype":"2","is_dth_comp_feature_enabled":"true","dai_ad_failure_fallback_cps":"[\"SONYLIV_LIVE\"]","should_enable_age_rating_ui":"false","deeplinks_for_custom_navigation":"[\"sub\/purchase\",\"sub\/manage\"]","trending_limit":"10","appsflyer_switch":"true","masthead":"true","download_quality_map":"{\"low\":{\"min\":170000,\"max\":400000},\"medium\":{\"min\":700000,\"max\":900000},\"high\":{\"min\":1500000,\"max\":2000000}}","enable_stick_remote":"false","recent_watch_maximum_count":"50","app_upgrade_popup_id":"APP_UPGRADE","send_error_logs":"false","resolution_quality_map":"{\"resolution_quality_map\":[{\"quality_name\":\"Very High\",\"min\":1440,\"max\":4320,\"key_name\":\"very_high\",\"approx_size\":\"Upto 10GB\",\"minBitrate\":10000000,\"maxBitrate\":15000000},{\"quality_name\":\"High\",\"min\":1080,\"max\":1439,\"key_name\":\"high\",\"approx_size\":\"Upto 3.5GB\",\"minBitrate\":1500000,\"maxBitrate\":2000000},{\"quality_name\":\"Medium\",\"min\":481,\"max\":1079,\"key_name\":\"medium\",\"approx_size\":\"Upto 1.5GB\",\"minBitrate\":700000,\"maxBitrate\":900000},{\"quality_name\":\"Data Saver\",\"min\":200,\"max\":480,\"key_name\":\"data_saver\",\"approx_size\":\"Upto 600MB\",\"minBitrate\":170000,\"maxBitrate\":400000}]}","enable_new_detail_page":"true","dth_favorite_removed_message":"Channel removed from favorite channel list","select_preferred_language_subheader":"You can change your selection later","helpAndSupportURL":"https:\/\/webview.airtel.tv\/help-support\/dev\/help-support.html","show_chat_on_retry_count":"3","lang_carousel_card_count":"3","select_preferred_language_header":"Select your language","xpp_prepaid_t_days_interval":"1","content_share_text":"Watching %1$s on %2$s %3$s","initial_player_log_time":"30000","switch_airtel_link_text":"Contact Us","show_chat_option":"false","hotstar_update_dialog_text":"{\"update_title\":\"Hotstar app update required\",\"install_title\":\"Hotstar app required\",\"update_message\":\"To watch %1$s you'll need to update Hotstar app and try again.\",\"install_message\":\"To watch %1$s you'll need to install Hotstar app and try again.\"}","disable_layout_fallback_cache":"[\"contentDetail\"]","send_api_failure_to_fabric":"true","is_preview_enable":"true","auto_suggest_flow_ab":"1","btn_login_with_airtel_number":"Register","liveTvTimer":"60","layout_my_profile_page_id":"my_profile","device_landscape":"false","channel_language_pref_popup_left_button_text_hindi":"Change to English","switch_airtel_sim_link_text_support":"if you think we are mistaken.","netflix_package_id":"com.netflix.mediaclient","tileHighlightConfig":"{\"hd\":{\"position\":3,\"imageUrl\":\"ic_hdtv_bl\"},\"new\":{\"position\":1,\"imageUrl\":\"ic_newtv\"}}","register_header_v2":"Enjoy all benefits of Airtel Xstream Play","enableSeekToLatest":"false","download_content_eviction_duration":"30","player_revamp_config":"{\"auto_scroll_duration\":30000,\"auto_scroll_visibility_duration_from_end\":60000,\"auto_hide_live_tag\":\"5000\"}","shouldShowPlayIcon":"true","refresh_channel_call":"true","cdp_free_tag_disabled_content_types":"[\"TVSHOW\",\"TRAILER]\"","bola_channel_config":"{\"SONYLIV_LIVETVCHANNEL_10000000006000000\":false,\"SONYLIV_LIVETVCHANNEL_10000000053070000\":false}","xpp_claim_time_interval":"1","language_change_action_title_en":"Change language to हिंदी ? News will be re-launched in chosen language.","ad_started_timeout_enabled_preroll_dai":"false","pause_video_background":"true","chromecast_2":"{\"receiver_app_id\":\"9CEB2C52\"}","epg_list_ads":"[{\"adUnitID\":\"\/417241724\/tv_epg_native_slot1_prod\",\"position\":2},{\"adUnitID\":\"\/417241724\/tv_epg_native_slot2_prod\",\"position\":10},{\"adUnitID\":\"\/417241724\/tv_epg_native_slot3_prod\",\"position\":17},{\"adUnitID\":\"\/417241724\/tv_epg_native_slot4_prod\",\"position\":24},{\"adUnitID\":\"\/417241724\/tv_epg_native_slot5_prod\",\"position\":31},{\"adUnitID\":\"\/417241724\/tv_epg_native_slot6_prod\",\"position\":38},{\"adUnitID\":\"\/417241724\/tv_epg_native_slot7_prod\",\"position\":45}]","upcoming_episode_rail_enabled":"true","recent_episode_left_timit_limit":"10","channel_subscribe_popup_right_button_text":"Subscribe","share_link_appsflyer":"true","channel_subscribe_popup_left_button_text":"Not Now","preRollAdUnitNew":"{        \"adUnitID\": \"\/417241724\/tv_preroll_video_prod\",        \"templateIDs\": [\"11768316\"],        \"showAds\" : false,        \"videoBeforeFirstAd\" : 3,        \"reoccurenceCount\" : 2    }","enable_mobile_number_input":"false","register_header":"Enjoy all benefits of Airtel Xstream Play","shouldDisablePlotLineCampaign":"true","autosuggest_start_char_position":"3","search_trending_new":" {\n  \"en\": {\n    \"trendingSearches\": [\n      \"Killing Eve\",\n      \"Knives Out\",\n      \"Bombshell\",\n      \"Twilight\",\n      \"John Wick\"\n    ]\n  }\n}","dth_favorite_added_message":"Added to favorite channel list","editorji_detail_page_desc":"Get current affairs and latest news customized for you at your preferred time.","enable_freshchat_bot":"false","reorder_last_viewed_local_epg":"true","contact_us_email":"support@airtelxstream.in","text_onboarding_subscribed_channels_rail_header":"Grab some nachos \n& get snacking","handle_background_crash":"false","search_history_limit":"10","airtel_mobile_data_link_text":"Recharge","add_to_recent_time_duration":"60","content_skip_experiment_id":"120232","stream_time":"60","download_selection_options":"[{\"id\":\"high\",\"title\":\"High Quality\"},{\"id\":\"medium\",\"title\":\"Standard Quality\"},{\"id\":\"low\",\"title\":\"Low Quality\"}]","playerHeartBeatInterval":"30","header_login_with_airtel_number":"Register with your Airtel number","enable_freshchat":"false","updateConfig":"{\"switch\": false,\"force_update_config\":{\"targetAndBelow\": \"12500\",\"liveAppMinSdk\": \"21\"}, \"soft_update_config\": {\"liveAppVersion\": \"12605\",\"liveAppMinSdk\": \"21\", \"frequencyInterval\": 2,\"maxCount\": 30},\"update_meta\": {\"updateTitle\": \"Critical Update\", \"updateAvailableMessage\": \"We have upgraded our services to provide you a significantly better experience. Please update your app.\", \"ctaText\": \"Upgrade Now\", \"bgImageURL\": \"https:\/\/tvtbr.s3.amazonaws.com\/grandslam\/content\/2019_5_9\/2-Popup-App-Upgrade-592X832.jpg\"}}","showTour":"false","homepage_v2_config":"{\"homepage_v2_config\":{\"pills_count\":9,\"pc_grid_count\":2,\"banner_scroll_time_in_sec\":4,\"cw_more_info_options\":[{\"option\":\"Episodes and info\"},{\"option\":\"Remove from continue watching\",\"\":{}}],\"highlighted_portrait\":{\"bg_image\":{\"height\":\"418\",\"width\":\"375\"}}}}","bottom_tab_page_id":"bottomTabLayout","more_channel_coming_soon_visibility":"true","huawei_state_machine_max_auto_retry_count":"4","enable_voice_search":"1","update_email":"Update Email","mediationAdUnit":"{        \"adUnitID\": \"\/417241724\/tv_native_mediation_video_prod\",        \"templateIDs\": [\"11768316\"],        \"showAds\" : false,        \"videoBeforeFirstAd\" : 3,        \"reoccurenceCount\" : 2    }","max_bitrate_immersive_player":"650","should_show_lock_icon":"false","share_subject_text_xstream":"{\"en_US\":\"Airtel Xstream Play - Best of Movies, TV Shows, Trailers, Videos & moreAction\"}","dash_segment_file_ext":"[\".mp4\",\".m4f\"]","recent_watch_minimum_count":"3","switch_airtel_sim":"You must have an Airtel SIM in your device to access Airtel Xstream Play.","auto_carousel_duration":"4000","show_freshchat_option":"false","override_decoder_behavior":"false","premium":"{\"en_US\":\"Premium\"}","text_ok":"Ok","analytics_worker":"firebase","share_app_url":"{\"en_US\":\"https:\/\/play.google.com\/store\/apps\/details?id=tv.accedo.airtel.wynk\"}","errorCodeNotifyIdMap":"{}","editorji_epg_channel_type":"1","huawei_device_limit_error":"You have exhausted your device limit. Please contact us at support@airtelxstream.in for support.","playback_funnel_v2_enabled":"false","channel_subscribe_popup_subtitle":"Subscribe to get your updated news, customized for you, daily!","add_recent_channel_threshold":"80","share_app_content_xstream":"{\"en_US\":\"Download Airtel Xstream Play for free at https:\/\/play.google.com\/store\/apps\/details?id=tv.accedo.airtel.wynk to watch your favorite movies and tv shows\"}","popup_subtitle_placeholder":"{title}","searchresults_usertype":"0","svodConfig":"{\"amazon_prime_deeplink\":\"https:\/\/app.primevideo.com\/watch?gti=\",\"amazon_prime_deeplink_detail_page\":\"https:\/\/app.primevideo.com\/detail?gti=\",\"amazon_prime_package_id_mobility\":\"com.amazon.avod.thirdpartyclient\",\"amazon_prime_ref_marker\":\"dvm_liv_AIR_IN_bd_s_xap\",\"amazon_prime_package_id_largescreen\":\"com.amazon.amazonvideo.livingroom\",\"pending_cp_popup_interval_time\":1,\"polling_frequency_seconds\":30,\"polling_duration\":21,\"lbl_cp_more_detail_validity\":\"Validity as per your plan\",\"cp_logo\":{\"NETFLIX\":{\"image\":\"https:\/\/image.airtel.tv\/grandslam\/content\/2024_10_17\/Rectangle_24637_(2).png\",\"title\":\"NETFLIX\",\"cpId\":\"NETFLIX\"}},\"label_activation_failed_description\":\"Please try to activate again after some time.\",\"label_activation_processing_description\":\"Please check your status in sometime.\",\"label_activation_success_description\":\"Keep reactivating your subscription to continue enjoying\"}","channel_onboarding_check_it_out_popup_visibility":"true","popupIndex":"0","add_to_bill_config":"{\"isFeatureEnabled\":true,\"billDetails\":{\"FLSDL\":\"Broadband\",\"POSTPAID\":\"Mobile\"},\"paymentModes\":{\"payNow\":{\"designTitle\":\"Scan & Pay\",\"iconUrl\":\"https:\/\/drive.google.com\/file\/d\/12Fjl2ozsPXyLnemwx2VjbGE27ULtxBII\/view?usp=share_link\"},\"payLater\":{\"designTitle\":\"Add To Bill\",\"iconUrl\":\"https:\/\/drive.google.com\/file\/d\/12Fjl2ozsPXyLnemwx2VjbGE27ULtxBII\/view?usp=share_link\"}},\"ls_atb_loading_state_popup_id\":\"ls_atb_loading_state_popup_id\",\"pollingConfig\":{\"pollingTimer\":40,\"pollingFrequency\":10}}","app_language_selection_variant":"1","watch_list_item_added_message":"Added to watchlist","privacyPolicyUrl":"http:\/\/static.airtel.tv\/privacypolicy.html","channel_language_pref_popup_title":"आप editorji हिंदी में देख रहे है. भाषा language icon [img src=ic_editorji_language_small\/] से बदली जा सकती है.","VideoAdUnit":"{        \"adUnitID\": \"\/417241724\/tv_truepreroll_prod\",        \"templateIDs\": [\"11829568\",\"11829577\",\"11826365\",\"11829580\"],        \"showAds\" : false,        \"videoBeforeFirstAd\" : 0,        \"reoccurenceCount\" : 2    }","shouldSendSosEvents":"true","recent_movie_left_timit_limit":"60","isTrailerEnabled":"true","enable_bola":"false","desc_login_with_airtel_number":"Get access to 350+ channels and 9000+ Movies & TV Shows on Airtel Xstream Play app. Please login with your Airtel mobile number for unlimited access.","share_text_partner_channel":"“Check out some awesome videos from %s on Airtel Xstream Play!","hideWebViewToolbar":"true","airtel_mobile_data_header":"Switch on Airtel Mobile Data","app_id_type_mobility":"MOBILITY","language_change_action_cancel_button_hi":"आगे देखें","show_cp_logo":"true","min_playback_duration":"30","deleteAccountUrl":"https:\/\/www.airtelxstream.in\/account-deletion?viewType=webview","bola_buffer":"35","disableBannerClick":"false","switch_airtel_description":"Get access to 350+ Live TV channels and 9000+ Movies and TV shows on Airtel Xstream Play app available exclusively to Airtel customers.","new_language_filters":"{\n  \"en\": {\n    \"n\": \"English\",\n    \"rn\": \"English\",\n    \"images\": [\n      \"https:\/\/image.airtel.tv\/grandslam\/content\/2021_10_8\/ic_English.png\"\n    ]\n  },\n  \"hi\": {\n    \"n\": \"Hindi\",\n    \"rn\": \"हिन्दी\",\n    \"images\": [\n      \"https:\/\/image.airtel.tv\/grandslam\/content\/2021_10_8\/ic_Hindi.png\"\n    ]\n  },\n  \"as\": {\n    \"n\": \"Assamies\",\n    \"rn\": \"অসমীয়া\",\n    \"images\": [\n      \"https:\/\/image.airtel.tv\/grandslam\/content\/2021_10_8\/ic_Assamese.png\"\n    ]\n  },\n  \"bn\": {\n    \"n\": \"Bengali\",\n    \"rn\": \"বাংলা\",\n    \"images\": [\n      \"https:\/\/image.airtel.tv\/grandslam\/content\/2021_10_8\/ic_Bengali.png\"\n    ]\n  },\n  \"bh\": {\n    \"n\": \"Bhojpuri\",\n    \"rn\": \"भोजपुरी\",\n    \"images\": [\n      \"https:\/\/image.airtel.tv\/grandslam\/content\/2021_10_8\/ic_Bhojpuri.png\"\n    ]\n  },\n  \"gu\": {\n    \"n\": \"Gujrati\",\n    \"rn\": \"ગુજરાતી\",\n    \"images\": [\n      \"https:\/\/image.airtel.tv\/grandslam\/content\/2021_10_8\/ic_Gujarati.png\"\n    ]\n  },\n  \"kn\": {\n    \"n\": \"Kannada\",\n    \"rn\": \"ಕನ್ನಡ\",\n    \"images\": [\n      \"https:\/\/image.airtel.tv\/grandslam\/content\/2021_10_8\/ic_Kannada.png\"\n    ]\n  },\n  \"ml\": {\n    \"n\": \"Malyalam\",\n    \"rn\": \"മലയാളം\",\n    \"images\": [\n      \"https:\/\/image.airtel.tv\/grandslam\/content\/2021_10_8\/ic_Malayalam.png\"\n    ]\n  },\n  \"mr\": {\n    \"n\": \"Marathi\",\n    \"rn\": \"मराठी\",\n    \"images\": [\n      \"https:\/\/image.airtel.tv\/grandslam\/content\/2021_10_8\/ic_Marathi.png\"\n    ]\n  },\n  \"or\": {\n    \"n\": \"Oriya\",\n    \"rn\": \"ଓଡ଼ିଆ\",\n    \"images\": [\n      \"https:\/\/image.airtel.tv\/grandslam\/content\/2021_10_8\/ic_Odia.png\"\n    ]\n  },\n  \"pa\": {\n    \"n\": \"Punjabi\",\n    \"rn\": \"ਪੰਜਾਬੀ\",\n    \"images\": [\n      \"https:\/\/image.airtel.tv\/grandslam\/content\/2021_10_8\/ic_punjabi.png\"\n    ]\n  },\n  \"ra\": {\n    \"n\": \"Rajasthani\",\n    \"rn\": \"राजस्थानी\",\n    \"images\": [\n      \"https:\/\/image.airtel.tv\/grandslam\/content\/2021_10_8\/ic_Rajasthani.png\"\n    ]\n  },\n  \"ta\": {\n    \"n\": \"Tamil\",\n    \"rn\": \"தமிழ்\",\n    \"images\": [\n      \"https:\/\/image.airtel.tv\/grandslam\/content\/2021_10_8\/ic_Tamil.png\"\n    ]\n  },\n  \"te\": {\n    \"n\": \"Telugu\",\n    \"rn\": \"తెలుగు\",\n    \"images\": [\n      \"https:\/\/image.airtel.tv\/grandslam\/content\/2021_10_8\/ic_telugu.png\"\n    ]\n  },\n  \"ur\": {\n    \"n\": \"Urdu\",\n    \"rn\": \"اردو\",\n    \"images\": [\n      \"https:\/\/tvtbr.s3.amazonaws.com\/ZEE5\/ZEE5_MOVIE_0-0-movie_1186466992\/PORTRAIT\/naaperusuryanewmovie_2_192.jpg\",\n      \"https:\/\/tvtbr.s3.amazonaws.com\/ZEE5\/ZEE5_MOVIE_0-0-2718\/PORTRAIT\/rarandoyi_vedukachudham192.jpg\"\n    ]\n  },\n  \"fr\": {\n    \"n\": \"French\",\n    \"rn\": \"Français\",\n    \"images\": [\n      \"https:\/\/tvtbr.s3.amazonaws.com\/ZEE5\/ZEE5_MOVIE_0-0-movie_1186466992\/PORTRAIT\/naaperusuryanewmovie_2_192.jpg\",\n      \"https:\/\/tvtbr.s3.amazonaws.com\/ZEE5\/ZEE5_MOVIE_0-0-2718\/PORTRAIT\/rarandoyi_vedukachudham192.jpg\"\n    ]\n  }\n}","ad_master_switch":"true","channel_language_pref_popup_right_button_text_hindi":"आगे देखें","buffer_time":"{\"HOOQ\":60000,\"else\":50000}","dth_welcome_onboarding_popup":"DTH_WELCOME_ONBOARDING_POPUP","custom_timeout_retrofit":"60","autosuggest_max_limit":"5","companion_cookie_error_codes":"[\"ATV_CDN_403\"]","onboarding_persona":"{\"fallbackUpdateOnboardingTimeInHours\":24,\"onboardingContentPageSize\":60,\"genre_interest_min_selection_count\":2,\"content_interest_min_selection_count\":5,\"genre_interest_title\":\"Tell us your interests\",\"genre_interest_subtitle\":\"Choose %d or more interests to get better recommendations\",\"content_interest_title\":\"Choose content you like\",\"content_interest_subtitle\":\"Select atleast %d movies or shows to help us suggest the content of your liking\",\"onboarding_journey_popup_interval_days\":180,\"fallbackOnboardingGenre\":[{\"id\":\"axhyb_himz57031715938564690\",\"title\":\"Movies & OTT Shows\",\"tileImages\":{\"portraitHd\":\"https:\/\/img.airtel.tv\/unsafe\/filters:quality(100)\/https:\/\/discovery-prod-arsenal.s3.amazonaws.com\/arsenal\/annabelle\/tarot\/axhyb_himz57031715938564690\/1f81e42a-b106-4da0-9759-a0abe3307859.png\"}},{\"id\":\"axhyb_1mrv57961716449751816\",\"title\":\"Daily Soaps\",\"tileImages\":{\"portraitHd\":\"https:\/\/img.airtel.tv\/unsafe\/filters:quality(100)\/https:\/\/discovery-prod-arsenal.s3.amazonaws.com\/arsenal\/annabelle\/tarot\/axhyb_1mrv57961716449751816\/1d45ddec-1d90-4985-9be6-aa52ac6504b8.png\"}},{\"id\":\"axhyb_kcjw50871716450822960\",\"title\":\"Documentaries\",\"tileImages\":{\"portraitHd\":\"https:\/\/img.airtel.tv\/unsafe\/filters:quality(100)\/https:\/\/discovery-prod-arsenal.s3.amazonaws.com\/arsenal\/annabelle\/tarot\/axhyb_kcjw50871716450822960\/816eafae-bf57-4494-9c22-ece87cc0cf11.png\"}},{\"id\":\"axhyb_cm5f39951716451573362\",\"title\":\"Kids\",\"tileImages\":{\"portraitHd\":\"https:\/\/img.airtel.tv\/unsafe\/filters:quality(100)\/https:\/\/discovery-prod-arsenal.s3.amazonaws.com\/arsenal\/annabelle\/tarot\/axhyb_cm5f39951716451573362\/8771c4c8-2aea-4689-a790-a0b4baef9101.png\"}},{\"id\":\"axhyb_bikk49491716452102925\",\"title\":\"Devotional\",\"tileImages\":{\"portraitHd\":\"https:\/\/img.airtel.tv\/unsafe\/filters:quality(100)\/https:\/\/discovery-prod-arsenal.s3.amazonaws.com\/arsenal\/annabelle\/tarot\/axhyb_bikk49491716452102925\/ac9cbc10-8f1f-4ab0-9652-7db1bbb3faf6.png\"}}],\"fallbackTitleImageMap\":{\"Movies & OTT Shows\":\"movies\",\"Daily Soaps\":\"daily_soaps\",\"Documentaries\":\"documentary\",\"Kids\":\"kids\",\"Devotional\":\"devotional\",\"Music Videos\":\"music_videos\",\"News\":\"news\",\"Short Videos\":\"short_videos\",\"Sports\":\"sports\"}}","ad_timeout":"{\"ad_timeout_in_milleSecond\":1000,\"errorCode\":-99,\"errorMsg\":\"Could not serve AD within permissible time-limit\"}","perf_disable":"true","analytics_job_interval":"120","should_set_quality_auto":"false","watchlist_notification_message":"There are %1$s videos waiting to be viewed by you. Watch them now!","bottom_layout_rail_count":"5","language_change_action_ok_button_en":"हिंदी में देखें","live_tv_not_subscribed":"Oops, You are not eligible for Live TV experience","channel_language_pref_popup_title_english":"You are watching editorji in English. Language can be changed from language icon [img src=ic_editorji_language_small\/]","bitrate_new_configuration":"{\"EROSNOW\":{\"high\":\"1300\",\"medium\":\"900\",\"low\":\"500\"},\"SONYLIV\":{\"high\":\"1300\",\"medium\":\"600\",\"low\":\"330\"},\"SONYLIV_VOD\":{\"high\":\"3000\",\"medium\":\"1200\",\"low\":\"500\"},\"SONYLIV_LIVE\":{\"high\":\"2700\",\"medium\":\"1200\",\"low\":\"500\"},\"MWTV\":{\"high\":\"1300\",\"medium\":\"600\",\"low\":\"330\"},\"ULTRA\":{\"high\":\"1000\",\"medium\":\"800\",\"low\":\"600\"},\"SRIBALAJIVIDEO\":{\"high\":\"1600\",\"medium\":\"1000\",\"low\":\"600\"},\"SRIGANESHVIDEO\":{\"high\":\"1600\",\"medium\":\"1000\",\"low\":\"600\"},\"KEYENTERTAINMENTS\":{\"high\":\"1600\",\"medium\":\"1000\",\"low\":\"600\"},\"MILLENNIUMVIDEOS\":{\"high\":\"1600\",\"medium\":\"1000\",\"low\":\"600\"},\"SILLYMONKS\":{\"high\":\"1600\",\"medium\":\"1000\",\"low\":\"600\"},\"VOLGAVIDEOS\":{\"high\":\"1600\",\"medium\":\"1000\",\"low\":\"600\"},\"SHEMAROOME\":{\"high\":\"1000\",\"medium\":\"600\",\"low\":\"200\"},\"VOOT\":{\"high\":\"1000\",\"medium\":\"700\",\"low\":\"500\"},\"TVPROMO\":{\"high\":\"2000\",\"medium\":\"900\",\"low\":\"500\"},\"NDTV\":{\"high\":\"1300\",\"medium\":\"600\",\"low\":\"330\"},\"HUNGAMA\":{\"high\":\"1200\",\"medium\":\"900\",\"low\":\"500\"},\"HUAWEI\":{\"high\":\"1300\",\"medium\":\"600\",\"low\":\"330\"}}","player_settings_list_data":"{\"player_report_issue_errors\":[{\"code\":\"ATV_PLAYER_101\",\"message\":\"Video is buffering\"},{\"code\":\"ATV_PLAYER_102\",\"message\":\"Video is not playing\"},{\"code\":\"ATV_PLAYER_103\",\"message\":\"Audio is lagging\"},{\"code\":\"ATV_PLAYER_104\",\"message\":\"Player is crashing\"},{\"code\":\"ATV_PLAYER_105\",\"message\":\"Subtitles are not matching\"}],\"player_speeds\":[\"0.25x\",\"0.5x\",\"Normal 1x\",\"1.25x\",\"1.5x\"]}","switch_airtel":"Switch to Airtel","show_cp_logo_cdp":"true","pageId_source_name_mapping":"{\"homepage2\": home, \"searchPage\" : search, \"ExplorePC\": Channels, \"freeAvod\": free_tv, \"youPageV2\":my_profile, \"searchLayout\": search_page, \"SportsCricket\" : Cricket_in_Sports, \"SportsFootball\" : Football_in_Sports, \"SportsWWE\": WWE_in_Sports, \"SportsUFC\": UFC_in_Sports ,\"Sports_Secondary_Page\": Formula_1}","enable_old_playback_funnel":"false","empty_partner_channel_onboarding":"","player_log_interval":"30000","recent_search_item_count":"8","playback_grace":"true","send_mail":"{\"en_US\":\"Send Mail\"}","atv032_error_message":"Valid email ID is required","set_your_preferred_language_msg":"You may change your preferred language","selfcare_webview_url":"https:\/\/www.airtel.in\/app\/DTH\/","banner_ad_carousel_auto_scroll_duration":"5000","segmentMapping":"{\"ATVLITE\":{\"segment\":\"ATVLITE\",\"weight\":1,\"tile_res_img_url\":\"\",\"detail_res_img_url\":\"\",\"toolbar_img_url\":\"\"},\"ATVPLUS\":{\"segment\":\"ATVPLUS\",\"weight\":2,\"tile_res_img_url\":\"\",\"detail_res_img_url\":\"\",\"toolbar_img_url\":\"\"}}","episode_not_found":"Episode not found. Try to play a latest Episode for you","watchlist_notification_title":"Binge on your watchlist today!","package_fallback_config":"{\"enableFallbackUrl\":false,\"packageFallbackOnError\":false,\"packageFallbackUrl\":\"https:\/\/static.airtelxstream.in\/static\/fallbacks\/layoutfallback\/mobility_android\/{pageId}.json\",\"pageIdMap\":{\"homepage2\":\"homePage2\",\"XstreamSports\":\"sports\",\"adsConfig\":\"ads_config\",\"bottomTabLayout\":\"bottomTabLayout\",\"asia-cup\":\"asia_cup\"}}","branch_switch":"true","layout_rail_count":"12","is_dth_feature_enabled":"true","userconfig_api_default_interval":"600","next_episode_timeout":"60000","tool_tip_title_add_to_voice_search":"Try voice search","mid_roll_movie_interval":"15","fetchPlaybillFromMiddleware":"true","enable_new_home_page":"true","watch_list_item_removed_message":"Removed from watchlist","subtitle_disable_cpid":"[\"DISTROTV\"]","layout_pagination_threshold":"7","branch_events":"[\"play_start\", \"error_playback\", \"play_session_end\"]","show_branding_update_popup":"false","moengage_push_enabled":"false","language_selection_view_variant":"0","genre_interest_min_selection_count":"2","ppc_xmp_labels":"{\"channelSelectionHeader\": \"Congratulations!\", \"channelSelectionSubHeader\": \"One OTT Channel free with your Airtel recharge\", \"continueButtonText\": \"Continue\", \"popupButtonTitle\": \"Ok, got it\", \"popupHeader\": \"Subscription Activated!T\", \"popupDescription\": \"Manage your subscription from More > My Library\", \"showCrossOnChannelSelection\": true, \"cpLandingToast\": \"Congratulations! You have unlocked this CP\"}","switch_to_airtel_sim_cta":"Switch to Airtel SIM","promo_video_skip_experiment_id":"95252","is_video_ad_enabled":"false","content_descriptor_interval":"10000","layout_search_page_id":"Search","critical_events":"[   \"play_init\",   \"play_start\",   \"play_resume\",   \"play_pause\",   \"error_playback\",   \"play_session_end\",   \"play_init\",   \"play_status\",   \"play_stop\",   \"app_start\",   \"app_init\",   \"app_status\",   \"is_targetuser\",   \"is_prd\",   \"is_psd\",   \"is_dth\",   \"install\",   \"error_page\",   \"ready_to_play\",   \"play_start_error\",   \"play_session_end\",   \"player_seek\",   \"player_log\",   \"app_crashed\",   \"app_kill\",   \"app_foreground\",   \"app_background\" ]","channel_subscribe_popup_title":"Enjoying editorji?","language_change_action_cancel_button_en":"Continue Watching","content_experiment_id":"129297","termsOfUseUrl":"http:\/\/static.airtel.tv\/termsofuse.html","switch_to_airtel_header_image_url":"https:\/\/image.airtel.tv\/grandslam\/content\/2021_10_25\/switch_airtel_header.png","cdp_marker_rail_response":"{\"railList\":[{\"id\":\"local_fallback_banner_content_rail_id\",\"contents\":[{\"source\":\"BE\",\"packageId\":\"\",\"details\":{\"content\":[]},\"railContentSourceService\":\"XSTREAM_CONTENT_SERVICE\"}],\"name\":\"Banner Content Rail\",\"format\":{\"showAll\":false,\"artwork\":{},\"ty\":\"BANNER_CONTENT_RAIL\",\"contentAction\":{\"isExternalWebLink\":false},\"title\":{}},\"zionDisplay\":{\"railContentSourceService\":\"XSTREAM_CONTENT_SERVICE\"},\"showCatalogTag\":false,\"renderReason\":\"local_fallback_banner_content_rail_render\"},{\"id\":\"local_fallback_content_play_rail_id\",\"contents\":[{\"source\":\"BE\",\"packageId\":\"\",\"details\":{\"content\":[]},\"railContentSourceService\":\"XSTREAM_CONTENT_SERVICE\"}],\"name\":\"Watch Now\",\"format\":{\"showAll\":false,\"artwork\":{},\"ty\":\"CONTENT_PLAY_RAIL\",\"action\":{\"t\":\"Watch Now\",\"st\":\"PLAY\",\"isExternalWebLink\":false,\"ty\":\"UNKNOWN\"},\"contentAction\":{\"isExternalWebLink\":false},\"title\":{}},\"zionDisplay\":{\"buttonTxtHasMacro\":false,\"dsBoldRange\":\"2:4\",\"dsItalicRange\":\"2:4\",\"railContentSourceService\":\"XSTREAM_CONTENT_SERVICE\",\"showCtaText\":true,\"buttonTxt\":\"Watch Now\"},\"showCatalogTag\":false,\"renderReason\":\"local_fallback_content_play_rail_render\"},{\"id\":\"local_fallback_advance_icon_rail_id\",\"contents\":[{\"source\":\"BE\",\"packageId\":\"\",\"details\":{\"content\":[]},\"railContentSourceService\":\"XSTREAM_CONTENT_SERVICE\"}],\"name\":\"AdvanceIconRail\",\"format\":{\"showAll\":false,\"iconParams\":[\"watchlist\",\"trailers\",\"downloads\",\"share\",\"reminder\"],\"artwork\":{},\"ty\":\"ADVANCE_ICON_RAIL\",\"contentAction\":{\"isExternalWebLink\":false},\"title\":{}},\"zionDisplay\":{\"iconParams\":[\"watchlist\",\"trailers\",\"downloads\",\"share\",\"reminder\"],\"railContentSourceService\":\"XSTREAM_CONTENT_SERVICE\"},\"showCatalogTag\":false,\"renderReason\":\"local_fallback_advance_icon_rail_render\"},{\"id\":\"local_fallback_content_desc_rail_id\",\"contents\":[{\"source\":\"BE\",\"packageId\":\"\",\"details\":{\"content\":[]},\"railContentSourceService\":\"XSTREAM_CONTENT_SERVICE\"}],\"name\":\"ContentDescription\",\"format\":{\"showAll\":false,\"artwork\":{},\"ty\":\"CONTENT_DESCRIPTION_RAIL\",\"contentAction\":{\"isExternalWebLink\":false},\"title\":{}},\"zionDisplay\":{\"railContentSourceService\":\"XSTREAM_CONTENT_SERVICE\"},\"showCatalogTag\":false,\"renderReason\":\"local_fallback_content_desc_rail_render\"},{\"id\":\"local_fallback_desc_detail_rail_id\",\"contents\":[{\"source\":\"BE\",\"packageId\":\"\",\"details\":{\"content\":[]},\"railContentSourceService\":\"XSTREAM_CONTENT_SERVICE\"}],\"name\":\"Audio Available In\",\"format\":{\"showAll\":false,\"infoType\":\"AUDIO\",\"artwork\":{},\"ty\":\"CONTENT_DESCRIPTION_DETAIL_RAIL\",\"contentAction\":{\"isExternalWebLink\":false},\"t\":\"Audio Available In\",\"title\":{}},\"zionDisplay\":{\"infoType\":\"AUDIO\",\"railContentSourceService\":\"XSTREAM_CONTENT_SERVICE\",\"title\":\"Audio Available In\"},\"showCatalogTag\":false,\"renderReason\":\"local_fallback_desc_detail_rail_render\"},{\"id\":\"local_fallback_multiList_rail_id\",\"contents\":[{\"source\":\"BE\",\"packageId\":\"axsta_g7jb24501661153629758\",\"details\":{\"id\":\"axsta_g7jb24501661153629758\",\"title\":\"Content Multilist Static Movie Collection\",\"images\":{},\"content\":[{\"programType\":\"REMOTE_TILE\",\"id\":\"62e3959c6ab00477005fdcf7\",\"title\":\"Cast N more\",\"subTitle\":\"{$shortDescription}\",\"cps\":[],\"free\":false,\"images\":{},\"hotstar\":false,\"refType\":\"TILE\",\"position\":2,\"hd\":false,\"xstreamInstallRequire\":false,\"status\":\"Active\",\"playWithoutLogin\":false,\"deepLinkBannerJson\":{},\"hydrationType\":\"XSTREAM_LAYOUT\",\"hydrationAdditionalQueryParams\":{\"pageId\":\"castNMore\"},\"tileImages\":{},\"tileId\":\"tlxsta_myai08511659082140560\",\"adTile\":false,\"bgImgUrlMap\":{},\"promoVideo\":false,\"showContentAgeRating\":false,\"showContentGenres\":false,\"showContentLanguage\":false,\"showReleaseDate\":false,\"showShimmerOnCTA\":false,\"customTags\":[],\"subtitleConfig\":{},\"promoVideoUrl\":\"\",\"showProgramName\":false,\"showStartEndDate\":false,\"showDuration\":false,\"autoPlay\":false,\"titleConfig\":{},\"ctaConfig\":{},\"skpIn\":0,\"skpCr\":0}],\"language\":\"\",\"totalContentCount\":1,\"count\":1},\"railContentSourceService\":\"DISCOVERY_SERVICE\"}],\"name\":\"Content Multilist Movie Static Rail\",\"format\":{\"showAll\":false,\"artwork\":{},\"ty\":\"MULTILIST_RAIL\",\"contentAction\":{\"isExternalWebLink\":false},\"title\":{}},\"zionDisplay\":{},\"showCatalogTag\":false,\"renderReason\":\"local_fallback_multiList_rail_render\"}],\"total\":6,\"totalRails\":6,\"nextPage\":false}","x_days_value":"3","margin_for_screen":"[\"free\",\"OTTs\"]","netflix_dialog_heading":"Trying to watch","logout_text":"Reset Account","banner_ads_sdk_config":"{\n  \"enabled\": false,\n  \"refreshInterval\": 300000,\n  \"cachePurgeInterval\": 259200000,\n  \"retryInterval\": 7200000,\n  \"expiryInterval\": 3600000,\n  \"interstitial_occurence_value\": 10,\n  \"syncConfig\": false\n}","back_from_plans_page":"true","open_single_landing_page":"true","pages_map":"{\"homepage\":\"homepage2\",\"channel_page\":\"ExplorePC\",\"avod_page\":\"freeAvod\",\"search_page\":\"searchLayout\",\"adsConfig\":\"adsConfig\",\"bottomTabs\":\"bottomTabLayout\",\"contentDetailPage\":\"contentDetail\",\"castNmore\":\"castNMore\"}","faqUrl":"http:\/\/static.airtel.tv\/faq.html","switch_airtel_header":"Enjoy Airtel Xstream Play on India's fastest 4G network","editorji_detail_title_for_preference":"Enjoying editorji?","onboarding_interest_experiment_id":"117812","text_onboarding_description":"Watch movies and videos from these amazing channels and subscribe to get unlimited access.","event_publish_interval_minutes":"2","max_event_queue_size":"50","is_auto_carousel_enabled":"false","recharge_now_popup_eligible_error":"[\"ATV203\",\"ATV202\",\"ATV206\"]","player_post_credit_recommendation_experiment_id":"37528","channel_language_pref_popup_left_button_text_english":"हिंदी में देखें","ext_pip_enabled":"true","bola_cp_config":"{\"HOICHOI\":true}","min_selected_content_count":"1","enableFreePreviewPopup":"false","sprite_config":"{\"SONYLIV_VOD\":{\"enable\":true,\"imagesInRow\":100,\"durationOfOneImage\":16}, \"LIONSGATEPLAY\":{\"enable\":true }}","mid_roll_interval":"7","register_description":"Watch your Favourite Movies, TV shows,Sports and Live TV","tool_tip_dismiss_interval":"5","thumbor_host":"http:\/\/tvimg.wynk.in\/","content_detail_page_adUnit":"{\"adUnitID\":\"\/417241724\/tv_content_native_prod\",\"showAds\":false}","app_footer_subtext":"Made with love in India","prime_video_url":"primevideo.com","register_button_text":"Register","immersive_player_mute_status":"true"},"fetch_time_key":0,"abt_experiments_key":[],"personalization_metadata_key":{},"template_version_number_key":0,"rollout_metadata_key":[]}