{"Fid":"dSiPULXTSTiL5AFdQ_06rl","Status":3,"AuthToken":"eyJhbGciOiJFUzI1NiIsInR5cCI6IkpXVCJ9.eyJhcHBJZCI6IjE6OTE2Mjc3MTU2NDgyOmFuZHJvaWQ6MmExODk2NGQ4MzllZTE3YSIsImV4cCI6MTc2MjI3NjExMiwiZmlkIjoiZFNpUFVMWFRTVGlMNUFGZFFfMDZybCIsInByb2plY3ROdW1iZXIiOjkxNjI3NzE1NjQ4Mn0.AB2LPV8wRQIhAMJL4F4VcnElkYenMpd9NYzoQXmozRAjxsTEC1nuK-LBAiBNK79SLKlI8LDJsMJkoR0lxVydvNZ--IvcD4XQkH02jA","RefreshToken":"3_AS3qfwL4z2ERiarCl0tyLTDzrg2Q3nqv9PnP_0xIxiznYrdr2r56EsPXJlArH32jScMTQ1WwGOLzuahmUBvxLv2hxjEWxoFCgNmP0-vqR1TnXY4","TokenCreationEpochInSecs":1761671311,"ExpiresInSecs":604800}