{"Fid":"czL9hEu2RiyoJoAVC46u-D","Status":3,"AuthToken":"eyJhbGciOiJFUzI1NiIsInR5cCI6IkpXVCJ9.eyJhcHBJZCI6IjE6OTE2Mjc3MTU2NDgyOmFuZHJvaWQ6MmExODk2NGQ4MzllZTE3YSIsImV4cCI6MTc2MzQ2NTQ5NiwiZmlkIjoiY3pMOWhFdTJSaXlvSm9BVkM0NnUtRCIsInByb2plY3ROdW1iZXIiOjkxNjI3NzE1NjQ4Mn0.AB2LPV8wRQIgXMn50QzXj11ErAjUsuy1US2ZLNknJXqPuD5OUAjtxjoCIQDkdvg6zhlZuMabnQmKjm7ffwXxiMoTuFZmvj0AZiAR6w","RefreshToken":"3_AS3qfwL5DkRqKhxkO_fOHw7_Xb2QhXHDb520VYIfItGX2fX0DYWsNdGjm4etUi1o8bQ1VlZ5JhxbtdqnF5CR8681l6p9jIDsbF0xMVmt_Btf2g","TokenCreationEpochInSecs":1762860694,"ExpiresInSecs":604800}