{"Fid":"c4Kyq2vHShKjBG2JPvUVdN","Status":3,"AuthToken":"eyJhbGciOiJFUzI1NiIsInR5cCI6IkpXVCJ9.eyJhcHBJZCI6IjE6OTE2Mjc3MTU2NDgyOmFuZHJvaWQ6MmExODk2NGQ4MzllZTE3YSIsImV4cCI6MTc2MjYxMzAyMCwiZmlkIjoiYzRLeXEydkhTaEtqQkcySlB2VVZkTiIsInByb2plY3ROdW1iZXIiOjkxNjI3NzE1NjQ4Mn0.AB2LPV8wRQIgMJEgoi1srUaaYlUrnMAG1OC8A2afb0Z8Xu2p54YpcCECIQDDYuU7J67drYo-q8sJCMJUNzyaexdoPsSuGd_2O46oyQ","RefreshToken":"3_AS3qfwLRjEXUa4AO_dW6mOZ1PVaNPKA_sJ4wor09ooF9hMrPgZTWCprv0x1B9bl-QSe-X2gznvLZ20HoUFqA60XHip6lIEYNHrQplAmpHZSwnFM","TokenCreationEpochInSecs":1762008218,"ExpiresInSecs":604800}