<?xml version='1.0' encoding='utf-8' standalone='yes' ?>
<map>
    <string name="savedProperties">{&quot;uid&quot;:&quot;1719808567535-5270998789245826132&quot;,&quot;oneLinkSlug&quot;:&quot;jAYEUW7RoJbmHUzXQN4W6G&quot;,&quot;KSAppsFlyerRICounter&quot;:&quot;0&quot;,&quot;afUninstallToken&quot;:&quot;c4Kyq2vHShKjBG2JPvUVdN:APA91bGEGemiQLzElwB7qgZ-f8favFl3DcCUVMLQ7SgIO8fhUJvx_Hm3Q1LCvwov8EAswI7FYqJLq5K4RTTNvRIXT6TvLboyRnTH-GdzCTx4_lu-uq02Fcm8PCwHx5h5Zz4T9EQYiCED&quot;,&quot;AppUserId&quot;:&quot;yzwSIwnNEJDlrUtoRA3omvTRrUk2&quot;,&quot;AppsFlyerKey&quot;:&quot;jAYEUW7RoJbmHUzXQN4W6G&quot;,&quot;advertiserId&quot;:&quot;a01b61a4-1298-4562-b761-228eac788987&quot;,&quot;advertiserIdEnabled&quot;:&quot;true&quot;,&quot;KSAppsFlyerId&quot;:&quot;1719808567535-5270998789245826132&quot;}</string>
    <string name="AF_INSTALLATION">1719808567535-5270998789245826132</string>
    <int name="appsFlyerCount" value="2" />
    <long name="AppsFlyerTimePassedSincePrevLaunch" value="1719808613594" />
    <string name="appsFlyerFirstInstall">2024-07-01_043608+0000</string>
    <int name="versionCode" value="12918" />
</map>
