<?xml version='1.0' encoding='utf-8' standalone='yes' ?>
<map>
    <string name="bnc_push_identifier">bnc_no_value</string>
    <string name="bnc_google_play_install_referrer_extras">bnc_no_value</string>
    <boolean name="bnc_is_full_app_conversion" value="false" />
    <string name="bnc_device_fingerprint_id">1336180853117897360</string>
    <string name="bnc_link_click_id">bnc_no_value</string>
    <string name="bnc_external_intent_extra">bnc_no_value</string>
    <long name="bnc_install_begin_ts" value="1718679405" />
    <long name="bnc_last_known_update_time" value="1762008210652" />
    <string name="bnc_user_url">http://open.airtelxstream.in/a/key_live_kc5hbJYeDTvc99K81cvQrfbkzrbvQtEW?%24identity_id=1230688846807901797</string>
    <boolean name="bnc_triggered_by_fb_app_link" value="false" />
    <string name="bnc_session_params">{&quot;+clicked_branch_link&quot;:false,&quot;+is_first_session&quot;:false}</string>
    <long name="bnc_original_install_time" value="1719808550043" />
    <string name="bnc_branch_key">key_live_kc5hbJYeDTvc99K81cvQrfbkzrbvQtEW</string>
    <string name="bnc_identity">K6H258zpvAmLgsa9Y0</string>
    <string name="bnc_session_id">1513179133906417028</string>
    <string name="bnc_link_click_identifier">bnc_no_value</string>
    <string name="skip_url_format_key">{&quot;version&quot;:2,&quot;uri_skip_list&quot;:[&quot;^fb\\d+:((?!campaign_ids).)*$&quot;,&quot;^li\\d+:&quot;,&quot;^pdk\\d+:&quot;,&quot;^twitterkit-.*:&quot;,&quot;^com\\.googleusercontent\\.apps\\.\\d+-.*:\\\/oauth&quot;,&quot;^(?i).+:.*[?].*\\b(password|o?auth|o?auth.?token|access|access.?token)\\b&quot;]}</string>
    <string name="bnc_identity_id">1230688846807901797</string>
    <string name="bnc_app_link">bnc_no_value</string>
    <string name="bnc_buckets">bnc_no_value</string>
    <string name="bnc_app_version">1.87.1</string>
    <string name="bnc_actions">bnc_no_value</string>
    <string name="bnc_google_search_install_identifier">bnc_no_value</string>
    <string name="bnc_install_params">{&quot;$deeplink_path&quot;:&quot;wynkpremiere://SONYLIV/TVSHOW/SONYLIV_VOD_TVSHOW_1700001283&quot;,&quot;$desktop_url&quot;:&quot;https://open.airtelxstream.in&quot;,&quot;$marketing_title&quot;:&quot;WatchForFree-ClaimOTT&quot;,&quot;$og_image_url&quot;:&quot;https://play-lh.googleusercontent.com/iBqa732Al0DQQslk5DCP1AGCCHeZqEiPX4-hu8N9P2LgOuaaCJOfFDQhe2DHw5D1Lp1Z&quot;,&quot;$og_title&quot;:&quot;Airtel Xstream App: Movies, Shows and Live TV&quot;,&quot;~campaign&quot;:&quot;WatchForFree-ClaimOTT&quot;,&quot;~channel&quot;:&quot;Thanks&quot;,&quot;~creation_source&quot;:1,&quot;~feature&quot;:&quot;noti&quot;,&quot;~id&quot;:&quot;1223554872180333763&quot;,&quot;~link_type&quot;:&quot;QUICK_LINK&quot;,&quot;~marketing&quot;:true}</string>
    <long name="bnc_previous_update_time" value="1719808550043" />
    <string name="bnc_external_intent_uri">bnc_no_value</string>
    <string name="bnc_install_referrer">bnc_no_value</string>
</map>
