<?xml version='1.0' encoding='utf-8' standalone='yes' ?>
<map>
    <long name="first_open_time" value="1719808555732" />
    <string name="gmp_app_id">1:916277156482:android:2a18964d839ee17a</string>
    <string name="app_instance_id">548a9718836593cc4bb11dd16a397771</string>
    <boolean name="app_backgrounded" value="false" />
    <long name="session_id" value="1762008218" />
    <long name="health_monitor:start" value="1762008218631" />
    <boolean name="use_service" value="true" />
    <boolean name="deferred_analytics_collection" value="false" />
    <string name="previous_os_version">13</string>
    <boolean name="has_been_opened" value="true" />
    <boolean name="allow_remote_dynamite" value="true" />
    <long name="last_pause_time" value="1762008243478" />
    <boolean name="start_new_session" value="false" />
</map>
