<?xml version='1.0' encoding='utf-8' standalone='yes' ?>
<map>
    <string name="key_device_id">9ba511c39a2dda22</string>
    <int name="RETRY_TAP_COUNT" value="0" />
    <long name="isClick" value="0" />
    <boolean name="is_branch_init_triggered" value="true" />
    <int name="key_app_version" value="13048" />
    <boolean name="SHOW_LANG_CAROUSEL" value="false" />
    <boolean name="APP_ICON_UPGRADE" value="false" />
    <string name="freshchat_user_attribute">{&quot;appKey&quot;:&quot;MOBILITY&quot;,&quot;appVersion&quot;:&quot;1.110.1&quot;,&quot;autoRenewal&quot;:&quot;false&quot;,&quot;circle&quot;:&quot;UPWEST&quot;,&quot;deviceType&quot;:&quot;PHONE&quot;,&quot;email&quot;:&quot;NA&quot;,&quot;fmfsi&quot;:&quot;false&quot;,&quot;gender&quot;:&quot;FEMALE&quot;,&quot;ip&quot;:&quot;152.59.121.139&quot;,&quot;location&quot;:&quot;NA&quot;,&quot;name&quot;:&quot;Zainab  Parveen&quot;,&quot;os&quot;:&quot;ANDROID&quot;,&quot;planExpiry&quot;:&quot;Thu Dec 11 17:02:12 IST 2025&quot;,&quot;planIds&quot;:&quot;6088,8100348,1307&quot;,&quot;uid&quot;:&quot;-_89IH2c5x9qM7BdI0&quot;}</string>
    <string name="key_app_session_id">null-1762860693983-840781606</string>
    <long name="isShow" value="0" />
</map>
