<?xml version='1.0' encoding='utf-8' standalone='yes' ?>
<map>
    <int name="RETRY_TAP_COUNT" value="0" />
    <string name="freshchat_user_attribute">{&quot;appKey&quot;:&quot;MOBILITY&quot;,&quot;appVersion&quot;:&quot;1.87.1&quot;,&quot;autoRenewal&quot;:&quot;false&quot;,&quot;circle&quot;:&quot;UPWEST&quot;,&quot;deviceType&quot;:&quot;PHONE&quot;,&quot;email&quot;:&quot;sianmobile1682@gmail.com&quot;,&quot;fmfsi&quot;:&quot;false&quot;,&quot;gender&quot;:&quot;NA&quot;,&quot;ip&quot;:&quot;106.205.173.176&quot;,&quot;location&quot;:&quot;NA&quot;,&quot;name&quot;:&quot;Sanjeev  Kumar&quot;,&quot;os&quot;:&quot;ANDROID&quot;,&quot;planExpiry&quot;:&quot;Wed Aug 14 06:40:20 IST 2024&quot;,&quot;planIds&quot;:&quot;130001,5600351,701,4588,1307&quot;,&quot;uid&quot;:&quot;K6H258zpvAmLgsa9Y0&quot;}</string>
    <long name="isShow" value="0" />
    <string name="key_device_id">9bf3d755f64cd35f</string>
    <long name="isClick" value="0" />
    <boolean name="is_branch_init_triggered" value="true" />
    <string name="search_session_id_v2">4ad66e73-f6ba-4191-af18-825350a88e6c-1719808660253</string>
    <int name="key_app_version" value="12918" />
    <boolean name="SHOW_LANG_CAROUSEL" value="false" />
    <boolean name="APP_ICON_UPGRADE" value="false" />
    <string name="geo_location_response">{&quot;city&quot;:&quot;Chandigarh&quot;,&quot;country&quot;:&quot;IN&quot;,&quot;countryCode&quot;:&quot;IN&quot;,&quot;ip&quot;:&quot;152.59.89.248&quot;,&quot;state&quot;:&quot;Chandigarh&quot;,&quot;stateCode&quot;:&quot;CH&quot;}</string>
    <int name="KEY_LOGIN_JOURNEY_VARIANT" value="1" />
    <int name="app_open_count" value="1" />
    <string name="key_app_session_id">K6H258zpvAmLgsa9Y0-1762008220653-223511180</string>
</map>
