<?xml version='1.0' encoding='utf-8' standalone='yes' ?>
<map>
    <set name="fire-cls/18.4.1 fire-fcm/23.0.8 device-brand/vivo fire-perf/20.1.1 android-min-sdk/24 fire-analytics/21.3.0 fire-core-ktx/unspecified fire-sessions/1.0.2 fire-abt/21.0.2 device-name/79ed1019bd0cb5c9 fire-android/33 fire-core/20.3.3 device-model/msm8916_32 fire-installations/17.1.3 android-installer/com.google.android.packageinstaller fire-rc/21.1.2 android-platform/ fire-transport/18.1.8 android-target-sdk/33 kotlin/1.9.0">
        <string>2025-10-28</string>
    </set>
    <string name="last-used-date">2025-10-28</string>
    <long name="fire-count" value="1" />
    <long name="fire-global" value="1761671311219" />
</map>
