<?xml version='1.0' encoding='utf-8' standalone='yes' ?>
<map>
    <set name="fire-cls/18.4.1 fire-fcm/23.0.8 fire-perf/20.1.1 device-model/TECNO-KI7 fire-analytics/21.3.0 android-min-sdk/24 fire-core-ktx/unspecified device-brand/TECNO fire-abt/21.0.2 fire-sessions/1.0.2 fire-android/33 fire-core/20.3.3 device-name/KI7-GL fire-installations/17.1.3 android-installer/com.google.android.packageinstaller fire-rc/21.1.2 android-platform/ android-target-sdk/27 fire-transport/18.1.8 kotlin/1.9.0">
        <string>2025-11-01</string>
    </set>
    <string name="last-used-date">2025-11-01</string>
    <long name="fire-count" value="1" />
    <long name="fire-global" value="1762008218645" />
</map>
