<?xml version='1.0' encoding='utf-8' standalone='yes' ?>
<map>
    <long name="fire-count" value="1" />
    <string name="last-used-date">2025-11-11</string>
    <long name="fire-global" value="1762860693481" />
    <set name="fire-installations/18.0.0 android-min-sdk/24 fire-rc/22.1.2 kotlin/2.0.0 device-name/79ed1019bd0cb5c9 fire-abt/21.1.1 fire-android/33 android-installer/com.android.vending fire-core/21.0.0 device-model/c30f000bf5eb23c fire-core-ktx/21.0.0 fire-fcm/24.1.1 fire-analytics/22.4.0 fire-perf/21.0.5 android-platform/ fire-sessions/2.1.2 device-brand/add007bdf591a2e1 android-target-sdk/27 fire-cls/19.4.4 fire-transport/19.0.0">
        <string>2025-11-11</string>
    </set>
</map>
