<?xml version='1.0' encoding='utf-8' standalone='yes' ?>
<map>
    <int name="appVersion" value="12918" />
    <string name="user_session">{&quot;session_id&quot;:&quot;895ddcf3-bc76-4329-8ec0-b2263367e4fb&quot;,&quot;start_time&quot;:&quot;2025-11-01T14:43:40.782Z&quot;,&quot;last_interaction_time&quot;:1762008237122}</string>
    <long name="last_event_sync_time" value="1762008243190" />
    <long name="inapp_last_sync_time" value="1762008221" />
    <set name="sent_activity_list">
        <string>com.freshchat.consumer.sdk.activity.InterstitialActivity</string>
        <string>tv.airtel.companion.view.CompanionMainActivity</string>
        <string>com.freshchat.consumer.sdk.activity.FAQSearchActivity</string>
        <string>com.moengage.pushbase.activities.PushClickDialogTracker</string>
        <string>com.freshchat.consumer.sdk.activity.FAQCategoriesActivity</string>
        <string>com.xstream.ads.video.AudioMediaActivity</string>
        <string>com.xstream.ads.banner.internal.viewLayer.interstitial.InterstitialHorizontalVideoActivity</string>
        <string>tv.accedo.wynk.android.airtel.activity.VoucherWebViewActivity</string>
        <string>tv.accedo.wynk.android.airtel.activity.FirebaseKeySelectionActivity</string>
        <string>androidx.test.core.app.InstrumentationActivityInvoker$EmptyActivity</string>
        <string>tv.accedo.wynk.android.airtel.activity.AboutActivity</string>
        <string>tv.airtel.companion.view.ui.plans.WebViewActivity</string>
        <string>saschpe.android.customtabs.WebViewActivity</string>
        <string>com.freshchat.consumer.sdk.activity.DeeplinkInterstitialActivity</string>
        <string>com.applisto.appcloner.classes.FakeCamera$FakeCameraActivity</string>
        <string>com.freshchat.consumer.sdk.activity.ArticleListActivity</string>
        <string>tv.accedo.wynk.android.airtel.activity.AirtelmainActivity</string>
        <string>com.google.android.gms.ads.AdActivity</string>
        <string>com.freshchat.consumer.sdk.activity.FAQDetailsActivity</string>
        <string>tv.accedo.wynk.android.airtel.activity.GenericWebViewActivity</string>
        <string>com.freshchat.consumer.sdk.activity.FAQListActivity</string>
        <string>tv.accedo.airtel.wynk.presentation.view.activity.SplashActivity</string>
        <string>tv.accedo.wynk.android.airtel.activity.base.BaseFragmentActivity</string>
        <string>tv.accedo.wynk.android.airtel.activity.AirtelSignInActivity</string>
        <string>com.moe.pushlibrary.activities.MoEActivity</string>
        <string>tv.accedo.wynk.android.airtel.activity.dth.SelfCareWebView</string>
        <string>com.freshchat.consumer.sdk.activity.PictureAttachmentActivity</string>
        <string>com.applisto.appcloner.classes.DefaultProvider$MyActivity</string>
        <string>com.chuckerteam.chucker.internal.ui.MainActivity</string>
        <string>com.google.android.play.core.common.PlayCoreDialogWrapperActivity</string>
        <string>com.erkutaras.showcaseview.ShowcaseActivity</string>
        <string>tv.accedo.wynk.android.airtel.activity.AirtelVerifyPin</string>
        <string>tv.accedo.wynk.android.airtel.BasicWebViewActivity</string>
        <string>com.xstream.ads.banner.internal.viewLayer.interstitial.InterstitialActivity</string>
        <string>com.xstream.ads.video.VideoMediaActivity</string>
        <string>com.chuckerteam.chucker.internal.ui.throwable.ThrowableActivity</string>
        <string>com.freshchat.consumer.sdk.activity.ChannelListActivity</string>
        <string>tv.accedo.wynk.android.airtel.activity.AirtelSignInActivityV2</string>
        <string>tv.accedo.wynk.android.airtel.activity.NewsChannelPreferenceActivity</string>
        <string>com.facebook.ads.AudienceNetworkActivity</string>
        <string>com.google.android.gms.common.api.GoogleApiActivity</string>
        <string>tv.accedo.wynk.android.airtel.activity.PeopleDetailActivity</string>
        <string>tv.accedo.wynk.android.airtel.activity.PlayerDetailActivity</string>
        <string>com.freshchat.consumer.sdk.activity.ConversationDetailActivity</string>
        <string>androidx.test.core.app.InstrumentationActivityInvoker$EmptyFloatingActivity</string>
        <string>com.google.android.gms.auth.api.signin.internal.SignInHubActivity</string>
        <string>tv.accedo.airtel.wynk.presentation.modules.detail.PlaygroundActivity</string>
        <string>com.moengage.pushbase.internal.activity.PermissionActivity</string>
        <string>com.xstream.ads.banner.internal.viewLayer.interstitial.InterstitialVideoActivity</string>
        <string>tv.accedo.wynk.android.airtel.activity.PostPaymentActivity</string>
        <string>tv.airtel.remote.RemoteTvActivity</string>
        <string>com.moengage.pushbase.activities.PushTracker</string>
        <string>tv.accedo.wynk.android.airtel.activity.DialogActivity</string>
        <string>com.android.billingclient.api.ProxyBillingActivity</string>
        <string>com.freshchat.consumer.sdk.activity.BotFaqDetailsActivity</string>
        <string>tv.accedo.wynk.android.airtel.activity.WebViewPlayerActivity</string>
        <string>com.freshchat.consumer.sdk.activity.ArticleDetailActivity</string>
        <string>com.freshchat.consumer.sdk.activity.CategoryListActivity</string>
        <string>androidx.test.core.app.InstrumentationActivityInvoker$BootstrapActivity</string>
        <string>com.chuckerteam.chucker.internal.ui.transaction.TransactionActivity</string>
    </set>
    <string name="registration_id">c4Kyq2vHShKjBG2JPvUVdN:APA91bFemeBVT5V3KJc8AStw9UkdRHlAQHdZ1g6C3tN4zoMvt220dLGQ1LT1iAmWuMbyaTu2DyxHW0n7z2FE2JMSIi_dpN8DSCdwhq5hATOGxbKdcvIE35Q</string>
    <long name="last_message_sync" value="1762008221147" />
    <boolean name="pref_installed" value="true" />
    <boolean name="is_device_registered" value="true" />
    <long name="last_config_sync_time" value="1762008220332" />
    <long name="inapp_api_sync_delay" value="900" />
    <long name="inapp_html_assets_delete_time" value="1762008220" />
    <boolean name="has_registered_for_verification" value="false" />
    <long name="in_app_global_delay" value="86400" />
    <string name="APP_UUID">39292f1e-38c4-47d0-9611-45b74dcac6c6</string>
    <string name="user_attribute_unique_id">K6H258zpvAmLgsa9Y0</string>
</map>
